order,localOrder,category,categoryTitle,source,image,thumb,width,height,bytes,thumbBytes
1,1,svatby,Svatby,svatby/121168890_3866924716670768_7460127427355046781_n.jpg,/media/portfolio/images/svatby/001-121168890-3866924716670768-7460127427355046781-n.webp,/media/portfolio/thumbs/svatby/001-121168890-3866924716670768-7460127427355046781-n.webp,2200,1467,503610,62224
2,2,svatby,Svatby,svatby/121628479_814693535947949_6257674718673606559_n.jpg,/media/portfolio/images/svatby/002-121628479-814693535947949-6257674718673606559-n.webp,/media/portfolio/thumbs/svatby/002-121628479-814693535947949-6257674718673606559-n.webp,2200,1467,213230,23348
3,3,svatby,Svatby,svatby/121659089_653238728719518_1413700827298511180_n.jpg,/media/portfolio/images/svatby/003-121659089-653238728719518-1413700827298511180-n.webp,/media/portfolio/thumbs/svatby/003-121659089-653238728719518-1413700827298511180-n.webp,2200,1467,402984,25718
4,4,svatby,Svatby,svatby/IMG_2925.jpg,/media/portfolio/images/svatby/004-img-2925.webp,/media/portfolio/thumbs/svatby/004-img-2925.webp,2200,1467,644292,53534
5,5,svatby,Svatby,svatby/IMG_4120.jpg,/media/portfolio/images/svatby/005-img-4120.webp,/media/portfolio/thumbs/svatby/005-img-4120.webp,2200,1467,661460,62902
6,6,svatby,Svatby,svatby/IMG_4700.jpg,/media/portfolio/images/svatby/006-img-4700.webp,/media/portfolio/thumbs/svatby/006-img-4700.webp,2200,1467,158166,16550
7,7,svatby,Svatby,svatby/Macurovi (161 of 392).jpg,/media/portfolio/images/svatby/007-macurovi-161-of-392.webp,/media/portfolio/thumbs/svatby/007-macurovi-161-of-392.webp,2200,1467,300894,40138
8,8,svatby,Svatby,svatby/Macurovi (2 of 392).jpg,/media/portfolio/images/svatby/008-macurovi-2-of-392.webp,/media/portfolio/thumbs/svatby/008-macurovi-2-of-392.webp,2200,1467,130416,11152
9,9,svatby,Svatby,svatby/Macurovi (207 of 392).jpg,/media/portfolio/images/svatby/009-macurovi-207-of-392.webp,/media/portfolio/thumbs/svatby/009-macurovi-207-of-392.webp,2200,1467,177808,19654
10,10,svatby,Svatby,svatby/Macurovi (237 of 392).jpg,/media/portfolio/images/svatby/010-macurovi-237-of-392.webp,/media/portfolio/thumbs/svatby/010-macurovi-237-of-392.webp,2200,1467,170868,18356
11,11,svatby,Svatby,svatby/Macurovi (24 of 392).jpg,/media/portfolio/images/svatby/011-macurovi-24-of-392.webp,/media/portfolio/thumbs/svatby/011-macurovi-24-of-392.webp,2200,1467,103292,12160
12,12,svatby,Svatby,svatby/Macurovi (247 of 392).jpg,/media/portfolio/images/svatby/012-macurovi-247-of-392.webp,/media/portfolio/thumbs/svatby/012-macurovi-247-of-392.webp,2200,1467,137252,16392
13,13,svatby,Svatby,svatby/Macurovi (272 of 392).jpg,/media/portfolio/images/svatby/013-macurovi-272-of-392.webp,/media/portfolio/thumbs/svatby/013-macurovi-272-of-392.webp,2200,1467,165952,25348
14,14,svatby,Svatby,svatby/Macurovi (299 of 392).jpg,/media/portfolio/images/svatby/014-macurovi-299-of-392.webp,/media/portfolio/thumbs/svatby/014-macurovi-299-of-392.webp,1467,2200,186662,27670
15,15,svatby,Svatby,svatby/Macurovi (301 of 392).jpg,/media/portfolio/images/svatby/015-macurovi-301-of-392.webp,/media/portfolio/thumbs/svatby/015-macurovi-301-of-392.webp,1467,2200,171508,24664
16,16,svatby,Svatby,svatby/Macurovi (38 of 392).jpg,/media/portfolio/images/svatby/016-macurovi-38-of-392.webp,/media/portfolio/thumbs/svatby/016-macurovi-38-of-392.webp,2200,1467,148998,21060
17,17,svatby,Svatby,svatby/Macurovi (48 of 392).jpg,/media/portfolio/images/svatby/017-macurovi-48-of-392.webp,/media/portfolio/thumbs/svatby/017-macurovi-48-of-392.webp,2200,1467,112996,14726
18,1,akt,Akt / fine art,akt/IMG_7102.jpg,/media/portfolio/images/akt/001-img-7102.webp,/media/portfolio/thumbs/akt/001-img-7102.webp,1838,2000,99574,14862
19,2,akt,Akt / fine art,akt/IMG_7110-Edit.jpg,/media/portfolio/images/akt/002-img-7110-edit.webp,/media/portfolio/thumbs/akt/002-img-7110-edit.webp,1334,2000,146930,19108
20,3,akt,Akt / fine art,akt/IMG_7127.jpg,/media/portfolio/images/akt/003-img-7127.webp,/media/portfolio/thumbs/akt/003-img-7127.webp,1333,2000,455440,36976
21,4,akt,Akt / fine art,akt/IMG_7201.jpg,/media/portfolio/images/akt/004-img-7201.webp,/media/portfolio/thumbs/akt/004-img-7201.webp,2000,1333,155394,19450
22,5,akt,Akt / fine art,akt/IMG_7207-2.jpg,/media/portfolio/images/akt/005-img-7207-2.webp,/media/portfolio/thumbs/akt/005-img-7207-2.webp,1333,2000,258634,28248
23,6,akt,Akt / fine art,akt/IMG_7287.jpg,/media/portfolio/images/akt/006-img-7287.webp,/media/portfolio/thumbs/akt/006-img-7287.webp,2000,1333,591084,22562
24,7,akt,Akt / fine art,akt/IMG_7368-2.jpg,/media/portfolio/images/akt/007-img-7368-2.webp,/media/portfolio/thumbs/akt/007-img-7368-2.webp,1333,2000,67542,9584
25,8,akt,Akt / fine art,akt/IMG_7373.jpg,/media/portfolio/images/akt/008-img-7373.webp,/media/portfolio/thumbs/akt/008-img-7373.webp,2000,1333,135034,14180
26,9,akt,Akt / fine art,akt/IMG_7421.jpg,/media/portfolio/images/akt/009-img-7421.webp,/media/portfolio/thumbs/akt/009-img-7421.webp,1333,2000,79292,8924
27,10,akt,Akt / fine art,akt/IMG_7427.jpg,/media/portfolio/images/akt/010-img-7427.webp,/media/portfolio/thumbs/akt/010-img-7427.webp,2000,1333,255844,15040
28,11,akt,Akt / fine art,akt/IMG_7470.jpg,/media/portfolio/images/akt/011-img-7470.webp,/media/portfolio/thumbs/akt/011-img-7470.webp,2000,1333,216408,20636
29,12,akt,Akt / fine art,akt/IMG_7474.jpg,/media/portfolio/images/akt/012-img-7474.webp,/media/portfolio/thumbs/akt/012-img-7474.webp,2000,1333,227572,24512
30,13,akt,Akt / fine art,akt/IMG_7507.jpg,/media/portfolio/images/akt/013-img-7507.webp,/media/portfolio/thumbs/akt/013-img-7507.webp,1333,2000,144044,16836
31,14,akt,Akt / fine art,akt/IMG_7545.jpg,/media/portfolio/images/akt/014-img-7545.webp,/media/portfolio/thumbs/akt/014-img-7545.webp,2000,1333,227332,18360
32,15,akt,Akt / fine art,akt/IMG_7550.jpg,/media/portfolio/images/akt/015-img-7550.webp,/media/portfolio/thumbs/akt/015-img-7550.webp,2000,1333,386560,43280
33,16,akt,Akt / fine art,akt/IMG_7564.jpg,/media/portfolio/images/akt/016-img-7564.webp,/media/portfolio/thumbs/akt/016-img-7564.webp,1333,2000,460080,38496
34,17,akt,Akt / fine art,akt/IMG_7580.jpg,/media/portfolio/images/akt/017-img-7580.webp,/media/portfolio/thumbs/akt/017-img-7580.webp,2000,1333,75808,12992
35,18,akt,Akt / fine art,akt/IMG_7592.jpg,/media/portfolio/images/akt/018-img-7592.webp,/media/portfolio/thumbs/akt/018-img-7592.webp,2000,1333,238324,24598
36,19,akt,Akt / fine art,akt/IMG_7677.jpg,/media/portfolio/images/akt/019-img-7677.webp,/media/portfolio/thumbs/akt/019-img-7677.webp,2000,1333,178588,21552
37,20,akt,Akt / fine art,akt/IMG_7699.jpg,/media/portfolio/images/akt/020-img-7699.webp,/media/portfolio/thumbs/akt/020-img-7699.webp,1333,2000,193724,20042
38,21,akt,Akt / fine art,akt/IMG_7745.jpg,/media/portfolio/images/akt/021-img-7745.webp,/media/portfolio/thumbs/akt/021-img-7745.webp,2000,1333,340544,32270
39,22,akt,Akt / fine art,akt/IMG_7920.jpg,/media/portfolio/images/akt/022-img-7920.webp,/media/portfolio/thumbs/akt/022-img-7920.webp,2000,1333,899914,89904
40,23,akt,Akt / fine art,akt/IMG_7931.jpg,/media/portfolio/images/akt/023-img-7931.webp,/media/portfolio/thumbs/akt/023-img-7931.webp,1333,2000,308576,45050
41,24,akt,Akt / fine art,akt/IMG_7987.jpg,/media/portfolio/images/akt/024-img-7987.webp,/media/portfolio/thumbs/akt/024-img-7987.webp,2000,1333,148648,21736
42,25,akt,Akt / fine art,akt/IMG_8068.jpg,/media/portfolio/images/akt/025-img-8068.webp,/media/portfolio/thumbs/akt/025-img-8068.webp,1333,2000,861308,77500
43,26,akt,Akt / fine art,akt/IMG_8121.jpg,/media/portfolio/images/akt/026-img-8121.webp,/media/portfolio/thumbs/akt/026-img-8121.webp,1333,2000,268454,34718
44,27,akt,Akt / fine art,akt/IMG_8129.jpg,/media/portfolio/images/akt/027-img-8129.webp,/media/portfolio/thumbs/akt/027-img-8129.webp,2000,1333,558500,50158
45,28,akt,Akt / fine art,akt/IMG_8153.jpg,/media/portfolio/images/akt/028-img-8153.webp,/media/portfolio/thumbs/akt/028-img-8153.webp,1333,2000,347840,31214
46,29,akt,Akt / fine art,akt/IMG_8274.jpg,/media/portfolio/images/akt/029-img-8274.webp,/media/portfolio/thumbs/akt/029-img-8274.webp,2000,1333,238902,20134
47,30,akt,Akt / fine art,akt/IMG_8282.jpg,/media/portfolio/images/akt/030-img-8282.webp,/media/portfolio/thumbs/akt/030-img-8282.webp,2000,1333,113042,10692
48,31,akt,Akt / fine art,akt/IMG_8303.jpg,/media/portfolio/images/akt/031-img-8303.webp,/media/portfolio/thumbs/akt/031-img-8303.webp,2000,1741,194366,20580
49,32,akt,Akt / fine art,akt/IMG_8399.jpg,/media/portfolio/images/akt/032-img-8399.webp,/media/portfolio/thumbs/akt/032-img-8399.webp,2000,1374,788640,64844
50,33,akt,Akt / fine art,akt/IMG_8409.jpg,/media/portfolio/images/akt/033-img-8409.webp,/media/portfolio/thumbs/akt/033-img-8409.webp,2000,1310,788934,55812
51,34,akt,Akt / fine art,akt/IMG_8523.jpg,/media/portfolio/images/akt/034-img-8523.webp,/media/portfolio/thumbs/akt/034-img-8523.webp,1333,2000,213270,26346
52,35,akt,Akt / fine art,akt/IMG_8535.jpg,/media/portfolio/images/akt/035-img-8535.webp,/media/portfolio/thumbs/akt/035-img-8535.webp,1594,2000,506114,48822
53,36,akt,Akt / fine art,akt/IMG_8556.jpg,/media/portfolio/images/akt/036-img-8556.webp,/media/portfolio/thumbs/akt/036-img-8556.webp,2000,1333,331456,32496
54,37,akt,Akt / fine art,akt/IMG_8573.jpg,/media/portfolio/images/akt/037-img-8573.webp,/media/portfolio/thumbs/akt/037-img-8573.webp,2000,1251,213974,18060
55,38,akt,Akt / fine art,akt/IMG_8662.jpg,/media/portfolio/images/akt/038-img-8662.webp,/media/portfolio/thumbs/akt/038-img-8662.webp,1333,2000,169434,20718
56,39,akt,Akt / fine art,akt/IMG_8673.jpg,/media/portfolio/images/akt/039-img-8673.webp,/media/portfolio/thumbs/akt/039-img-8673.webp,1333,2000,96220,14448
57,40,akt,Akt / fine art,akt/IMG_8736.jpg,/media/portfolio/images/akt/040-img-8736.webp,/media/portfolio/thumbs/akt/040-img-8736.webp,1333,2000,164802,15440
58,41,akt,Akt / fine art,akt/IMG_8756.jpg,/media/portfolio/images/akt/041-img-8756.webp,/media/portfolio/thumbs/akt/041-img-8756.webp,1333,2000,206272,20328
59,42,akt,Akt / fine art,akt/IMG_8854.jpg,/media/portfolio/images/akt/042-img-8854.webp,/media/portfolio/thumbs/akt/042-img-8854.webp,2000,1333,34188,3130
60,43,akt,Akt / fine art,akt/IMG_8869.jpg,/media/portfolio/images/akt/043-img-8869.webp,/media/portfolio/thumbs/akt/043-img-8869.webp,2000,1333,95562,11898
61,44,akt,Akt / fine art,akt/IMG_8870.jpg,/media/portfolio/images/akt/044-img-8870.webp,/media/portfolio/thumbs/akt/044-img-8870.webp,2000,1333,104196,12806
62,45,akt,Akt / fine art,akt/IMG_8879.jpg,/media/portfolio/images/akt/045-img-8879.webp,/media/portfolio/thumbs/akt/045-img-8879.webp,1333,2000,148300,18270
63,1,portret,Portrét,portret/IMG_2711.jpg,/media/portfolio/images/portret/001-img-2711.webp,/media/portfolio/thumbs/portret/001-img-2711.webp,2200,1467,180784,19512
64,2,portret,Portrét,portret/IMG_2725.jpg,/media/portfolio/images/portret/002-img-2725.webp,/media/portfolio/thumbs/portret/002-img-2725.webp,2200,1467,59534,4488
65,3,portret,Portrét,portret/IMG_4028.jpg,/media/portfolio/images/portret/003-img-4028.webp,/media/portfolio/thumbs/portret/003-img-4028.webp,2200,1467,293534,39592
66,4,portret,Portrét,portret/IMG_4080.jpg,/media/portfolio/images/portret/004-img-4080.webp,/media/portfolio/thumbs/portret/004-img-4080.webp,2200,1467,134750,17632
67,5,portret,Portrét,portret/IMG_4137.jpg,/media/portfolio/images/portret/005-img-4137.webp,/media/portfolio/thumbs/portret/005-img-4137.webp,2200,1466,205728,21896
68,6,portret,Portrét,portret/IMG_4140.jpg,/media/portfolio/images/portret/006-img-4140.webp,/media/portfolio/thumbs/portret/006-img-4140.webp,2200,1467,163904,17594
69,7,portret,Portrét,portret/IMG_7077.jpg,/media/portfolio/images/portret/007-img-7077.webp,/media/portfolio/thumbs/portret/007-img-7077.webp,1333,2000,484828,44190
70,8,portret,Portrét,portret/IMG_7219.jpg,/media/portfolio/images/portret/008-img-7219.webp,/media/portfolio/thumbs/portret/008-img-7219.webp,1333,2000,131844,13794
71,9,portret,Portrét,portret/IMG_7239.jpg,/media/portfolio/images/portret/009-img-7239.webp,/media/portfolio/thumbs/portret/009-img-7239.webp,1333,2000,483752,41620
72,10,portret,Portrét,portret/IMG_7306.jpg,/media/portfolio/images/portret/010-img-7306.webp,/media/portfolio/thumbs/portret/010-img-7306.webp,2000,1771,83414,10964
73,11,portret,Portrét,portret/IMG_7312.jpg,/media/portfolio/images/portret/011-img-7312.webp,/media/portfolio/thumbs/portret/011-img-7312.webp,1333,2000,845502,31032
74,12,portret,Portrét,portret/IMG_7463.jpg,/media/portfolio/images/portret/012-img-7463.webp,/media/portfolio/thumbs/portret/012-img-7463.webp,2000,1333,204796,16652
75,13,portret,Portrét,portret/IMG_8038.jpg,/media/portfolio/images/portret/013-img-8038.webp,/media/portfolio/thumbs/portret/013-img-8038.webp,2000,1333,581748,53880
76,14,portret,Portrét,portret/IMG_8206.jpg,/media/portfolio/images/portret/014-img-8206.webp,/media/portfolio/thumbs/portret/014-img-8206.webp,1333,2000,152340,15064
77,15,portret,Portrét,portret/IMG_8632.jpg,/media/portfolio/images/portret/015-img-8632.webp,/media/portfolio/thumbs/portret/015-img-8632.webp,2000,1341,448930,55328
78,16,portret,Portrét,portret/IMG_8909.jpg,/media/portfolio/images/portret/016-img-8909.webp,/media/portfolio/thumbs/portret/016-img-8909.webp,2000,1333,549832,37002
79,17,portret,Portrét,portret/VeronikaKejrova-0581.jpg,/media/portfolio/images/portret/017-veronikakejrova-0581.webp,/media/portfolio/thumbs/portret/017-veronikakejrova-0581.webp,2200,1467,22454,2980
80,1,architektura,Architektura,architektura/21734062084_5da9ac0969_k.jpg,/media/portfolio/images/architektura/001-21734062084-5da9ac0969-k.webp,/media/portfolio/thumbs/architektura/001-21734062084-5da9ac0969-k.webp,2048,1365,273502,41402
81,2,architektura,Architektura,architektura/DJI_0747.jpg,/media/portfolio/images/architektura/002-dji-0747.webp,/media/portfolio/thumbs/architektura/002-dji-0747.webp,2200,1648,679252,48286
82,3,architektura,Architektura,architektura/DJI_0753.jpg,/media/portfolio/images/architektura/003-dji-0753.webp,/media/portfolio/thumbs/architektura/003-dji-0753.webp,2200,1648,655844,49812
83,4,architektura,Architektura,architektura/DJI_0756-HDR-Pano-2.jpg,/media/portfolio/images/architektura/004-dji-0756-hdr-pano-2.webp,/media/portfolio/thumbs/architektura/004-dji-0756-hdr-pano-2.webp,2181,2200,972738,73642
84,5,architektura,Architektura,architektura/DJI_0777-HDR.jpg,/media/portfolio/images/architektura/005-dji-0777-hdr.webp,/media/portfolio/thumbs/architektura/005-dji-0777-hdr.webp,1968,1474,493658,43470
85,6,architektura,Architektura,architektura/EH9A4668.jpg,/media/portfolio/images/architektura/006-eh9a4668.webp,/media/portfolio/thumbs/architektura/006-eh9a4668.webp,2200,1467,290950,27940
86,7,architektura,Architektura,architektura/EH9A4715.jpg,/media/portfolio/images/architektura/007-eh9a4715.webp,/media/portfolio/thumbs/architektura/007-eh9a4715.webp,2200,1467,388094,34906
87,8,architektura,Architektura,architektura/EH9A5049-EFFECTS.jpg,/media/portfolio/images/architektura/008-eh9a5049-effects.webp,/media/portfolio/thumbs/architektura/008-eh9a5049-effects.webp,2200,1467,401700,45366
88,9,architektura,Architektura,architektura/IMG_0222.jpg,/media/portfolio/images/architektura/009-img-0222.webp,/media/portfolio/thumbs/architektura/009-img-0222.webp,2200,1467,502452,39870
89,10,architektura,Architektura,architektura/IMG_0248.jpg,/media/portfolio/images/architektura/010-img-0248.webp,/media/portfolio/thumbs/architektura/010-img-0248.webp,2200,1018,182396,15088
90,11,architektura,Architektura,architektura/IMG_0335.jpg,/media/portfolio/images/architektura/011-img-0335.webp,/media/portfolio/thumbs/architektura/011-img-0335.webp,1467,2200,409382,33658
91,12,architektura,Architektura,architektura/IMG_0345.jpg,/media/portfolio/images/architektura/012-img-0345.webp,/media/portfolio/thumbs/architektura/012-img-0345.webp,2200,1467,519156,39846
92,13,architektura,Architektura,architektura/IMG_0359.jpg,/media/portfolio/images/architektura/013-img-0359.webp,/media/portfolio/thumbs/architektura/013-img-0359.webp,2200,1467,179944,18244
93,14,architektura,Architektura,architektura/IMG_0370.jpg,/media/portfolio/images/architektura/014-img-0370.webp,/media/portfolio/thumbs/architektura/014-img-0370.webp,2200,1467,456302,38758
94,15,architektura,Architektura,architektura/IMG_0372.jpg,/media/portfolio/images/architektura/015-img-0372.webp,/media/portfolio/thumbs/architektura/015-img-0372.webp,2200,1467,252722,24990
95,16,architektura,Architektura,architektura/IMG_0396-Pano-Edit.jpg,/media/portfolio/images/architektura/016-img-0396-pano-edit.webp,/media/portfolio/thumbs/architektura/016-img-0396-pano-edit.webp,2200,1583,499310,43382
96,17,architektura,Architektura,architektura/IMG_0403.jpg,/media/portfolio/images/architektura/017-img-0403.webp,/media/portfolio/thumbs/architektura/017-img-0403.webp,1467,2200,215152,21592
97,18,architektura,Architektura,architektura/IMG_0408.jpg,/media/portfolio/images/architektura/018-img-0408.webp,/media/portfolio/thumbs/architektura/018-img-0408.webp,2200,1467,551548,45994
98,19,architektura,Architektura,architektura/IMG_0444-Pano.jpg,/media/portfolio/images/architektura/019-img-0444-pano.webp,/media/portfolio/thumbs/architektura/019-img-0444-pano.webp,2145,2200,1125226,53708
99,20,architektura,Architektura,architektura/IMG_0494.jpg,/media/portfolio/images/architektura/020-img-0494.webp,/media/portfolio/thumbs/architektura/020-img-0494.webp,1467,2200,417226,29388
100,21,architektura,Architektura,architektura/IMG_0495.jpg,/media/portfolio/images/architektura/021-img-0495.webp,/media/portfolio/thumbs/architektura/021-img-0495.webp,2200,1467,160142,17034
101,22,architektura,Architektura,architektura/IMG_0503.jpg,/media/portfolio/images/architektura/022-img-0503.webp,/media/portfolio/thumbs/architektura/022-img-0503.webp,2200,1523,669476,25456
102,23,architektura,Architektura,architektura/IMG_0550-Pano.jpg,/media/portfolio/images/architektura/023-img-0550-pano.webp,/media/portfolio/thumbs/architektura/023-img-0550-pano.webp,1193,2200,844616,70586
103,24,architektura,Architektura,architektura/IMG_0587-Pano.jpg,/media/portfolio/images/architektura/024-img-0587-pano.webp,/media/portfolio/thumbs/architektura/024-img-0587-pano.webp,2200,1416,731912,54274
104,25,architektura,Architektura,architektura/IMG_0657.jpg,/media/portfolio/images/architektura/025-img-0657.webp,/media/portfolio/thumbs/architektura/025-img-0657.webp,2200,1467,144180,10362
105,26,architektura,Architektura,architektura/IMG_0665-Pano.jpg,/media/portfolio/images/architektura/026-img-0665-pano.webp,/media/portfolio/thumbs/architektura/026-img-0665-pano.webp,2200,1338,298480,20708
106,27,architektura,Architektura,architektura/IMG_0764.jpg,/media/portfolio/images/architektura/027-img-0764.webp,/media/portfolio/thumbs/architektura/027-img-0764.webp,2200,1467,432564,33024
107,28,architektura,Architektura,architektura/IMG_0834.jpg,/media/portfolio/images/architektura/028-img-0834.webp,/media/portfolio/thumbs/architektura/028-img-0834.webp,2200,1467,82370,9806
108,29,architektura,Architektura,architektura/IMG_0864.jpg,/media/portfolio/images/architektura/029-img-0864.webp,/media/portfolio/thumbs/architektura/029-img-0864.webp,2000,918,324076,31606
109,30,architektura,Architektura,architektura/IMG_0892.jpg,/media/portfolio/images/architektura/030-img-0892.webp,/media/portfolio/thumbs/architektura/030-img-0892.webp,2000,1333,292756,33048
110,31,architektura,Architektura,architektura/IMG_0932.jpg,/media/portfolio/images/architektura/031-img-0932.webp,/media/portfolio/thumbs/architektura/031-img-0932.webp,2000,1333,465136,40482
111,32,architektura,Architektura,architektura/IMG_0949-Pano.jpg,/media/portfolio/images/architektura/032-img-0949-pano.webp,/media/portfolio/thumbs/architektura/032-img-0949-pano.webp,2000,1338,302552,25090
112,33,architektura,Architektura,architektura/IMG_0960.jpg,/media/portfolio/images/architektura/033-img-0960.webp,/media/portfolio/thumbs/architektura/033-img-0960.webp,2200,1467,635900,11760
113,34,architektura,Architektura,architektura/IMG_0974.jpg,/media/portfolio/images/architektura/034-img-0974.webp,/media/portfolio/thumbs/architektura/034-img-0974.webp,2000,1333,388300,46164
114,35,architektura,Architektura,architektura/IMG_0975.jpg,/media/portfolio/images/architektura/035-img-0975.webp,/media/portfolio/thumbs/architektura/035-img-0975.webp,2000,1333,755360,62694
115,36,architektura,Architektura,architektura/IMG_0978.jpg,/media/portfolio/images/architektura/036-img-0978.webp,/media/portfolio/thumbs/architektura/036-img-0978.webp,2000,1333,49508,7108
116,37,architektura,Architektura,architektura/IMG_0991.jpg,/media/portfolio/images/architektura/037-img-0991.webp,/media/portfolio/thumbs/architektura/037-img-0991.webp,2000,1333,136532,14196
117,38,architektura,Architektura,architektura/IMG_0995.jpg,/media/portfolio/images/architektura/038-img-0995.webp,/media/portfolio/thumbs/architektura/038-img-0995.webp,2000,1333,188774,25954
118,39,architektura,Architektura,architektura/IMG_1016.jpg,/media/portfolio/images/architektura/039-img-1016.webp,/media/portfolio/thumbs/architektura/039-img-1016.webp,2000,1333,233240,18714
119,40,architektura,Architektura,architektura/IMG_1022-Pano.jpg,/media/portfolio/images/architektura/040-img-1022-pano.webp,/media/portfolio/thumbs/architektura/040-img-1022-pano.webp,2200,758,296294,18226
120,41,architektura,Architektura,architektura/IMG_1024.jpg,/media/portfolio/images/architektura/041-img-1024.webp,/media/portfolio/thumbs/architektura/041-img-1024.webp,2000,1333,230540,25706
121,42,architektura,Architektura,architektura/IMG_1025.jpg,/media/portfolio/images/architektura/042-img-1025.webp,/media/portfolio/thumbs/architektura/042-img-1025.webp,2000,1333,559146,50940
122,43,architektura,Architektura,architektura/IMG_1036.jpg,/media/portfolio/images/architektura/043-img-1036.webp,/media/portfolio/thumbs/architektura/043-img-1036.webp,2200,1467,357322,23738
123,44,architektura,Architektura,architektura/IMG_1038.jpg,/media/portfolio/images/architektura/044-img-1038.webp,/media/portfolio/thumbs/architektura/044-img-1038.webp,1467,2200,368002,22636
124,45,architektura,Architektura,architektura/IMG_1039.jpg,/media/portfolio/images/architektura/045-img-1039.webp,/media/portfolio/thumbs/architektura/045-img-1039.webp,2200,1467,276708,28022
125,46,architektura,Architektura,architektura/IMG_1041-Pano.jpg,/media/portfolio/images/architektura/046-img-1041-pano.webp,/media/portfolio/thumbs/architektura/046-img-1041-pano.webp,2000,929,284792,27100
126,47,architektura,Architektura,architektura/IMG_1044.jpg,/media/portfolio/images/architektura/047-img-1044.webp,/media/portfolio/thumbs/architektura/047-img-1044.webp,2200,1467,328656,25208
127,48,architektura,Architektura,architektura/IMG_1060.jpg,/media/portfolio/images/architektura/048-img-1060.webp,/media/portfolio/thumbs/architektura/048-img-1060.webp,1467,2200,642546,40418
128,49,architektura,Architektura,architektura/IMG_1078.jpg,/media/portfolio/images/architektura/049-img-1078.webp,/media/portfolio/thumbs/architektura/049-img-1078.webp,2200,1467,517588,46004
129,50,architektura,Architektura,architektura/IMG_1079.jpg,/media/portfolio/images/architektura/050-img-1079.webp,/media/portfolio/thumbs/architektura/050-img-1079.webp,2200,1467,508398,39600
130,51,architektura,Architektura,architektura/IMG_1120-Pano-Edit.jpg,/media/portfolio/images/architektura/051-img-1120-pano-edit.webp,/media/portfolio/thumbs/architektura/051-img-1120-pano-edit.webp,2200,925,307452,20512
131,52,architektura,Architektura,architektura/IMG_1184-Pano.jpg,/media/portfolio/images/architektura/052-img-1184-pano.webp,/media/portfolio/thumbs/architektura/052-img-1184-pano.webp,2000,905,318912,28820
132,53,architektura,Architektura,architektura/IMG_1196-HDR.jpg,/media/portfolio/images/architektura/053-img-1196-hdr.webp,/media/portfolio/thumbs/architektura/053-img-1196-hdr.webp,2200,1467,333786,28548
133,54,architektura,Architektura,architektura/IMG_1207.jpg,/media/portfolio/images/architektura/054-img-1207.webp,/media/portfolio/thumbs/architektura/054-img-1207.webp,2000,885,401750,33916
134,55,architektura,Architektura,architektura/IMG_1210.jpg,/media/portfolio/images/architektura/055-img-1210.webp,/media/portfolio/thumbs/architektura/055-img-1210.webp,2000,1333,262088,24238
135,56,architektura,Architektura,architektura/IMG_1213-HDR.jpg,/media/portfolio/images/architektura/056-img-1213-hdr.webp,/media/portfolio/thumbs/architektura/056-img-1213-hdr.webp,2200,1467,329188,29488
136,57,architektura,Architektura,architektura/IMG_1219-HDR.jpg,/media/portfolio/images/architektura/057-img-1219-hdr.webp,/media/portfolio/thumbs/architektura/057-img-1219-hdr.webp,2200,1003,219756,18230
137,58,architektura,Architektura,architektura/IMG_1221.jpg,/media/portfolio/images/architektura/058-img-1221.webp,/media/portfolio/thumbs/architektura/058-img-1221.webp,2000,1333,289460,24452
138,59,architektura,Architektura,architektura/IMG_1222-HDR-Pano.jpg,/media/portfolio/images/architektura/059-img-1222-hdr-pano.webp,/media/portfolio/thumbs/architektura/059-img-1222-hdr-pano.webp,2200,899,217690,17050
139,60,architektura,Architektura,architektura/IMG_1225.jpg,/media/portfolio/images/architektura/060-img-1225.webp,/media/portfolio/thumbs/architektura/060-img-1225.webp,1333,2000,805114,74356
140,61,architektura,Architektura,architektura/IMG_1228.jpg,/media/portfolio/images/architektura/061-img-1228.webp,/media/portfolio/thumbs/architektura/061-img-1228.webp,2000,1333,614954,52762
141,62,architektura,Architektura,architektura/IMG_1231-HDR.jpg,/media/portfolio/images/architektura/062-img-1231-hdr.webp,/media/portfolio/thumbs/architektura/062-img-1231-hdr.webp,2200,1169,269310,22308
142,63,architektura,Architektura,architektura/IMG_1231.jpg,/media/portfolio/images/architektura/063-img-1231.webp,/media/portfolio/thumbs/architektura/063-img-1231.webp,1645,2000,594102,53178
143,64,architektura,Architektura,architektura/IMG_1233.jpg,/media/portfolio/images/architektura/064-img-1233.webp,/media/portfolio/thumbs/architektura/064-img-1233.webp,2000,1333,607688,56212
144,65,architektura,Architektura,architektura/IMG_1237-HDR.jpg,/media/portfolio/images/architektura/065-img-1237-hdr.webp,/media/portfolio/thumbs/architektura/065-img-1237-hdr.webp,2200,1467,433824,34962
145,66,architektura,Architektura,architektura/IMG_1249-Edit.jpg,/media/portfolio/images/architektura/066-img-1249-edit.webp,/media/portfolio/thumbs/architektura/066-img-1249-edit.webp,2200,1185,544418,42132
146,67,architektura,Architektura,architektura/IMG_1249.jpg,/media/portfolio/images/architektura/067-img-1249.webp,/media/portfolio/thumbs/architektura/067-img-1249.webp,2000,1333,470650,46146
147,68,architektura,Architektura,architektura/IMG_1262.jpg,/media/portfolio/images/architektura/068-img-1262.webp,/media/portfolio/thumbs/architektura/068-img-1262.webp,2200,1467,365350,32884
148,69,architektura,Architektura,architektura/IMG_1269-Pano.jpg,/media/portfolio/images/architektura/069-img-1269-pano.webp,/media/portfolio/thumbs/architektura/069-img-1269-pano.webp,2000,843,397942,38910
149,70,architektura,Architektura,architektura/IMG_1275.jpg,/media/portfolio/images/architektura/070-img-1275.webp,/media/portfolio/thumbs/architektura/070-img-1275.webp,2200,1467,513846,39148
150,71,architektura,Architektura,architektura/IMG_1279.jpg,/media/portfolio/images/architektura/071-img-1279.webp,/media/portfolio/thumbs/architektura/071-img-1279.webp,1333,2000,421666,41090
151,72,architektura,Architektura,architektura/IMG_1583-HDR-Edit.jpg,/media/portfolio/images/architektura/072-img-1583-hdr-edit.webp,/media/portfolio/thumbs/architektura/072-img-1583-hdr-edit.webp,2200,1467,439488,37480
152,73,architektura,Architektura,architektura/IMG_1688-HDR.jpg,/media/portfolio/images/architektura/073-img-1688-hdr.webp,/media/portfolio/thumbs/architektura/073-img-1688-hdr.webp,2200,1467,328186,26972
153,74,architektura,Architektura,architektura/IMG_1730-HDR.jpg,/media/portfolio/images/architektura/074-img-1730-hdr.webp,/media/portfolio/thumbs/architektura/074-img-1730-hdr.webp,1825,2200,359662,29096
154,75,architektura,Architektura,architektura/IMG_1829.jpg,/media/portfolio/images/architektura/075-img-1829.webp,/media/portfolio/thumbs/architektura/075-img-1829.webp,2000,1333,811872,63718
155,76,architektura,Architektura,architektura/IMG_1832.jpg,/media/portfolio/images/architektura/076-img-1832.webp,/media/portfolio/thumbs/architektura/076-img-1832.webp,1720,2000,823212,57412
156,77,architektura,Architektura,architektura/IMG_1836.jpg,/media/portfolio/images/architektura/077-img-1836.webp,/media/portfolio/thumbs/architektura/077-img-1836.webp,2000,1333,632520,42436
157,78,architektura,Architektura,architektura/IMG_1837.jpg,/media/portfolio/images/architektura/078-img-1837.webp,/media/portfolio/thumbs/architektura/078-img-1837.webp,2000,1333,351830,33382
158,79,architektura,Architektura,architektura/IMG_1838.jpg,/media/portfolio/images/architektura/079-img-1838.webp,/media/portfolio/thumbs/architektura/079-img-1838.webp,2000,1333,558914,33258
159,80,architektura,Architektura,architektura/IMG_1851-Pano.jpg,/media/portfolio/images/architektura/080-img-1851-pano.webp,/media/portfolio/thumbs/architektura/080-img-1851-pano.webp,2000,1333,573358,37146
160,81,architektura,Architektura,architektura/IMG_1859.jpg,/media/portfolio/images/architektura/081-img-1859.webp,/media/portfolio/thumbs/architektura/081-img-1859.webp,2000,1333,549234,44064
161,82,architektura,Architektura,architektura/IMG_1861-Pano.jpg,/media/portfolio/images/architektura/082-img-1861-pano.webp,/media/portfolio/thumbs/architektura/082-img-1861-pano.webp,2000,754,316954,25876
162,83,architektura,Architektura,architektura/IMG_1864.jpg,/media/portfolio/images/architektura/083-img-1864.webp,/media/portfolio/thumbs/architektura/083-img-1864.webp,2000,1333,515114,39498
163,84,architektura,Architektura,architektura/IMG_1868.jpg,/media/portfolio/images/architektura/084-img-1868.webp,/media/portfolio/thumbs/architektura/084-img-1868.webp,2000,1333,485640,38308
164,85,architektura,Architektura,architektura/IMG_1874.jpg,/media/portfolio/images/architektura/085-img-1874.webp,/media/portfolio/thumbs/architektura/085-img-1874.webp,2000,1333,697864,49192
165,86,architektura,Architektura,architektura/IMG_1900.jpg,/media/portfolio/images/architektura/086-img-1900.webp,/media/portfolio/thumbs/architektura/086-img-1900.webp,1467,2200,422470,45520
166,87,architektura,Architektura,architektura/IMG_1906.jpg,/media/portfolio/images/architektura/087-img-1906.webp,/media/portfolio/thumbs/architektura/087-img-1906.webp,2200,1467,877758,74252
167,88,architektura,Architektura,architektura/IMG_1909.jpg,/media/portfolio/images/architektura/088-img-1909.webp,/media/portfolio/thumbs/architektura/088-img-1909.webp,2200,842,409162,31542
168,89,architektura,Architektura,architektura/IMG_1980.jpg,/media/portfolio/images/architektura/089-img-1980.webp,/media/portfolio/thumbs/architektura/089-img-1980.webp,2200,1467,656984,54004
169,90,architektura,Architektura,architektura/IMG_1983.jpg,/media/portfolio/images/architektura/090-img-1983.webp,/media/portfolio/thumbs/architektura/090-img-1983.webp,2200,1467,1334366,103706
170,91,architektura,Architektura,architektura/IMG_1985.jpg,/media/portfolio/images/architektura/091-img-1985.webp,/media/portfolio/thumbs/architektura/091-img-1985.webp,2200,1467,170916,17464
171,92,architektura,Architektura,architektura/IMG_1991.jpg,/media/portfolio/images/architektura/092-img-1991.webp,/media/portfolio/thumbs/architektura/092-img-1991.webp,2200,1467,769140,70890
172,93,architektura,Architektura,architektura/IMG_1994-Edit.jpg,/media/portfolio/images/architektura/093-img-1994-edit.webp,/media/portfolio/thumbs/architektura/093-img-1994-edit.webp,2200,1467,1002210,76738
173,94,architektura,Architektura,architektura/IMG_2003.jpg,/media/portfolio/images/architektura/094-img-2003.webp,/media/portfolio/thumbs/architektura/094-img-2003.webp,1467,2200,901292,68324
174,95,architektura,Architektura,architektura/IMG_2011.jpg,/media/portfolio/images/architektura/095-img-2011.webp,/media/portfolio/thumbs/architektura/095-img-2011.webp,2200,1467,170344,28178
175,96,architektura,Architektura,architektura/IMG_2018.jpg,/media/portfolio/images/architektura/096-img-2018.webp,/media/portfolio/thumbs/architektura/096-img-2018.webp,2200,1815,1384658,106566
176,97,architektura,Architektura,architektura/IMG_2020.jpg,/media/portfolio/images/architektura/097-img-2020.webp,/media/portfolio/thumbs/architektura/097-img-2020.webp,2200,1467,602342,52894
177,98,architektura,Architektura,architektura/IMG_2023-Edit.jpg,/media/portfolio/images/architektura/098-img-2023-edit.webp,/media/portfolio/thumbs/architektura/098-img-2023-edit.webp,2200,1467,583968,53728
178,99,architektura,Architektura,architektura/IMG_2035.jpg,/media/portfolio/images/architektura/099-img-2035.webp,/media/portfolio/thumbs/architektura/099-img-2035.webp,2200,1467,443530,52048
179,100,architektura,Architektura,architektura/IMG_2041.jpg,/media/portfolio/images/architektura/100-img-2041.webp,/media/portfolio/thumbs/architektura/100-img-2041.webp,2200,1467,503644,51922
180,101,architektura,Architektura,architektura/IMG_2077.jpg,/media/portfolio/images/architektura/101-img-2077.webp,/media/portfolio/thumbs/architektura/101-img-2077.webp,2200,1467,219976,27952
181,102,architektura,Architektura,architektura/IMG_2169.jpg,/media/portfolio/images/architektura/102-img-2169.webp,/media/portfolio/thumbs/architektura/102-img-2169.webp,2200,1040,368034,34680
182,103,architektura,Architektura,architektura/IMG_2199.jpg,/media/portfolio/images/architektura/103-img-2199.webp,/media/portfolio/thumbs/architektura/103-img-2199.webp,2200,1571,245462,33200
183,104,architektura,Architektura,architektura/IMG_2229.jpg,/media/portfolio/images/architektura/104-img-2229.webp,/media/portfolio/thumbs/architektura/104-img-2229.webp,2200,1466,511122,60180
184,105,architektura,Architektura,architektura/IMG_2244.jpg,/media/portfolio/images/architektura/105-img-2244.webp,/media/portfolio/thumbs/architektura/105-img-2244.webp,2200,1467,468272,46796
185,106,architektura,Architektura,architektura/IMG_2358.jpg,/media/portfolio/images/architektura/106-img-2358.webp,/media/portfolio/thumbs/architektura/106-img-2358.webp,2200,1238,433878,37590
186,107,architektura,Architektura,architektura/IMG_2363.jpg,/media/portfolio/images/architektura/107-img-2363.webp,/media/portfolio/thumbs/architektura/107-img-2363.webp,2200,1466,258962,25248
187,108,architektura,Architektura,architektura/IMG_2457.jpg,/media/portfolio/images/architektura/108-img-2457.webp,/media/portfolio/thumbs/architektura/108-img-2457.webp,2200,1466,792632,77710
188,109,architektura,Architektura,architektura/IMG_2507.jpg,/media/portfolio/images/architektura/109-img-2507.webp,/media/portfolio/thumbs/architektura/109-img-2507.webp,2200,1466,496282,48304
189,110,architektura,Architektura,architektura/IMG_2656.jpg,/media/portfolio/images/architektura/110-img-2656.webp,/media/portfolio/thumbs/architektura/110-img-2656.webp,2200,1467,533340,43512
190,111,architektura,Architektura,architektura/IMG_4025.jpg,/media/portfolio/images/architektura/111-img-4025.webp,/media/portfolio/thumbs/architektura/111-img-4025.webp,2200,1467,854826,52698
191,112,architektura,Architektura,architektura/IMG_4034.jpg,/media/portfolio/images/architektura/112-img-4034.webp,/media/portfolio/thumbs/architektura/112-img-4034.webp,2200,768,318250,23258
192,113,architektura,Architektura,architektura/IMG_4204.jpg,/media/portfolio/images/architektura/113-img-4204.webp,/media/portfolio/thumbs/architektura/113-img-4204.webp,2200,1467,132974,21548
193,114,architektura,Architektura,architektura/IMG_4540.jpg,/media/portfolio/images/architektura/114-img-4540.webp,/media/portfolio/thumbs/architektura/114-img-4540.webp,2200,1026,38086,4626
194,115,architektura,Architektura,architektura/IMG_4567.jpg,/media/portfolio/images/architektura/115-img-4567.webp,/media/portfolio/thumbs/architektura/115-img-4567.webp,2200,1089,35464,4904
195,116,architektura,Architektura,architektura/IMG_4580.jpg,/media/portfolio/images/architektura/116-img-4580.webp,/media/portfolio/thumbs/architektura/116-img-4580.webp,2200,1209,56814,6830
196,117,architektura,Architektura,architektura/IMG_4613.jpg,/media/portfolio/images/architektura/117-img-4613.webp,/media/portfolio/thumbs/architektura/117-img-4613.webp,2200,1467,69170,9306
197,118,architektura,Architektura,architektura/IMG_4763.jpg,/media/portfolio/images/architektura/118-img-4763.webp,/media/portfolio/thumbs/architektura/118-img-4763.webp,2200,1466,291368,34114
198,119,architektura,Architektura,architektura/IMG_5213-HDR-Pano-Edit.jpg,/media/portfolio/images/architektura/119-img-5213-hdr-pano-edit.webp,/media/portfolio/thumbs/architektura/119-img-5213-hdr-pano-edit.webp,2200,903,306374,22132
199,120,architektura,Architektura,architektura/IMG_5557.jpg,/media/portfolio/images/architektura/120-img-5557.webp,/media/portfolio/thumbs/architektura/120-img-5557.webp,2048,1364,476200,54484
200,121,architektura,Architektura,architektura/IMG_5567.jpg,/media/portfolio/images/architektura/121-img-5567.webp,/media/portfolio/thumbs/architektura/121-img-5567.webp,2048,1364,127512,23062
201,122,architektura,Architektura,architektura/IMG_5623.jpg,/media/portfolio/images/architektura/122-img-5623.webp,/media/portfolio/thumbs/architektura/122-img-5623.webp,2048,1364,166830,24080
202,123,architektura,Architektura,architektura/IMG_5708.jpg,/media/portfolio/images/architektura/123-img-5708.webp,/media/portfolio/thumbs/architektura/123-img-5708.webp,2000,1333,669758,52408
203,124,architektura,Architektura,architektura/IMG_5824.jpg,/media/portfolio/images/architektura/124-img-5824.webp,/media/portfolio/thumbs/architektura/124-img-5824.webp,2000,1333,304680,41458
204,125,architektura,Architektura,architektura/IMG_5855.jpg,/media/portfolio/images/architektura/125-img-5855.webp,/media/portfolio/thumbs/architektura/125-img-5855.webp,2000,1333,1161524,104038
205,126,architektura,Architektura,architektura/IMG_6162.jpg,/media/portfolio/images/architektura/126-img-6162.webp,/media/portfolio/thumbs/architektura/126-img-6162.webp,2200,1466,312800,27236
206,127,architektura,Architektura,architektura/IMG_6234.jpg,/media/portfolio/images/architektura/127-img-6234.webp,/media/portfolio/thumbs/architektura/127-img-6234.webp,2200,1466,526730,43310
207,128,architektura,Architektura,architektura/IMG_6237.jpg,/media/portfolio/images/architektura/128-img-6237.webp,/media/portfolio/thumbs/architektura/128-img-6237.webp,2200,1466,553142,49486
208,129,architektura,Architektura,architektura/IMG_6365.jpg,/media/portfolio/images/architektura/129-img-6365.webp,/media/portfolio/thumbs/architektura/129-img-6365.webp,2000,1333,227516,18022
209,130,architektura,Architektura,architektura/IMG_6763-HDR-Edit.jpg,/media/portfolio/images/architektura/130-img-6763-hdr-edit.webp,/media/portfolio/thumbs/architektura/130-img-6763-hdr-edit.webp,2200,1347,815874,62846
210,131,architektura,Architektura,architektura/IMG_6797.jpg,/media/portfolio/images/architektura/131-img-6797.webp,/media/portfolio/thumbs/architektura/131-img-6797.webp,2000,1333,454794,37662
211,132,architektura,Architektura,architektura/IMG_6804.jpg,/media/portfolio/images/architektura/132-img-6804.webp,/media/portfolio/thumbs/architektura/132-img-6804.webp,2000,1333,337798,38818
212,133,architektura,Architektura,architektura/IMG_6808.jpg,/media/portfolio/images/architektura/133-img-6808.webp,/media/portfolio/thumbs/architektura/133-img-6808.webp,2000,1333,360018,48042
213,134,architektura,Architektura,architektura/IMG_6814.jpg,/media/portfolio/images/architektura/134-img-6814.webp,/media/portfolio/thumbs/architektura/134-img-6814.webp,2000,1445,603070,60764
214,135,architektura,Architektura,architektura/IMG_7586.jpg,/media/portfolio/images/architektura/135-img-7586.webp,/media/portfolio/thumbs/architektura/135-img-7586.webp,1333,2000,383888,17506
215,136,architektura,Architektura,architektura/IMG_8648.jpg,/media/portfolio/images/architektura/136-img-8648.webp,/media/portfolio/thumbs/architektura/136-img-8648.webp,1467,2200,612636,45146
216,137,architektura,Architektura,architektura/IMG_8666.jpg,/media/portfolio/images/architektura/137-img-8666.webp,/media/portfolio/thumbs/architektura/137-img-8666.webp,2200,1466,910308,77804
217,138,architektura,Architektura,architektura/IMG_8696.jpg,/media/portfolio/images/architektura/138-img-8696.webp,/media/portfolio/thumbs/architektura/138-img-8696.webp,2000,1333,378718,39360
218,139,architektura,Architektura,architektura/IMG_8697.jpg,/media/portfolio/images/architektura/139-img-8697.webp,/media/portfolio/thumbs/architektura/139-img-8697.webp,2000,1333,422202,37540
219,140,architektura,Architektura,architektura/IMG_8705.jpg,/media/portfolio/images/architektura/140-img-8705.webp,/media/portfolio/thumbs/architektura/140-img-8705.webp,2000,1333,694332,60050
220,141,architektura,Architektura,architektura/IMG_8730.jpg,/media/portfolio/images/architektura/141-img-8730.webp,/media/portfolio/thumbs/architektura/141-img-8730.webp,2000,1333,400442,36892
221,142,architektura,Architektura,architektura/IMG_8732-Pano.jpg,/media/portfolio/images/architektura/142-img-8732-pano.webp,/media/portfolio/thumbs/architektura/142-img-8732-pano.webp,2094,2200,1235914,111374
222,143,architektura,Architektura,architektura/IMG_8816-Edit.jpg,/media/portfolio/images/architektura/143-img-8816-edit.webp,/media/portfolio/thumbs/architektura/143-img-8816-edit.webp,2200,1467,376304,33320
223,144,architektura,Architektura,architektura/IMG_8833-Edit.jpg,/media/portfolio/images/architektura/144-img-8833-edit.webp,/media/portfolio/thumbs/architektura/144-img-8833-edit.webp,2200,1128,365230,23684
224,145,architektura,Architektura,architektura/IMG_8880.jpg,/media/portfolio/images/architektura/145-img-8880.webp,/media/portfolio/thumbs/architektura/145-img-8880.webp,2000,1333,584118,60908
225,146,architektura,Architektura,architektura/IMG_9167.jpg,/media/portfolio/images/architektura/146-img-9167.webp,/media/portfolio/thumbs/architektura/146-img-9167.webp,1333,2000,490782,52000
226,147,architektura,Architektura,architektura/IMG_9188.jpg,/media/portfolio/images/architektura/147-img-9188.webp,/media/portfolio/thumbs/architektura/147-img-9188.webp,2000,1440,548976,58724
227,148,architektura,Architektura,architektura/IMG_9233-Edit.jpg,/media/portfolio/images/architektura/148-img-9233-edit.webp,/media/portfolio/thumbs/architektura/148-img-9233-edit.webp,2048,1365,588408,47750
228,149,architektura,Architektura,architektura/IMG_9241-HDR.jpg,/media/portfolio/images/architektura/149-img-9241-hdr.webp,/media/portfolio/thumbs/architektura/149-img-9241-hdr.webp,2200,779,128278,12694
229,150,architektura,Architektura,architektura/IMG_9261.jpg,/media/portfolio/images/architektura/150-img-9261.webp,/media/portfolio/thumbs/architektura/150-img-9261.webp,1467,2200,179052,20264
230,151,architektura,Architektura,architektura/IMG_9273.jpg,/media/portfolio/images/architektura/151-img-9273.webp,/media/portfolio/thumbs/architektura/151-img-9273.webp,2200,1467,541712,43794
231,152,architektura,Architektura,architektura/Kolonada leto (2).jpg,/media/portfolio/images/architektura/152-kolonada-leto-2.webp,/media/portfolio/thumbs/architektura/152-kolonada-leto-2.webp,2200,1467,866478,72492
232,153,architektura,Architektura,architektura/ml-zima-2016_23852011134_o.jpg,/media/portfolio/images/architektura/153-ml-zima-2016-23852011134-o.webp,/media/portfolio/thumbs/architektura/153-ml-zima-2016-23852011134-o.webp,2200,1232,689922,51342
233,154,architektura,Architektura,architektura/ml-zima-2016_23852032424_o.jpg,/media/portfolio/images/architektura/154-ml-zima-2016-23852032424-o.webp,/media/portfolio/thumbs/architektura/154-ml-zima-2016-23852032424-o.webp,2200,1467,671882,65188
234,155,architektura,Architektura,architektura/ml-zima-2016_23852098514_o.jpg,/media/portfolio/images/architektura/155-ml-zima-2016-23852098514-o.webp,/media/portfolio/thumbs/architektura/155-ml-zima-2016-23852098514-o.webp,2200,1467,692080,47618
235,156,architektura,Architektura,architektura/ml-zima-2016_24112430259_o.jpg,/media/portfolio/images/architektura/156-ml-zima-2016-24112430259-o.webp,/media/portfolio/thumbs/architektura/156-ml-zima-2016-24112430259-o.webp,2200,1588,507248,39862
236,157,architektura,Architektura,architektura/ml-zima-2016_24112472889_o.jpg,/media/portfolio/images/architektura/157-ml-zima-2016-24112472889-o.webp,/media/portfolio/thumbs/architektura/157-ml-zima-2016-24112472889-o.webp,2200,1157,551564,48236
237,158,architektura,Architektura,architektura/ml-zima-2016_24184628520_o.jpg,/media/portfolio/images/architektura/158-ml-zima-2016-24184628520-o.webp,/media/portfolio/thumbs/architektura/158-ml-zima-2016-24184628520-o.webp,2200,1253,540300,42350
238,159,architektura,Architektura,architektura/ml-zima-2016_24184641950_o.jpg,/media/portfolio/images/architektura/159-ml-zima-2016-24184641950-o.webp,/media/portfolio/thumbs/architektura/159-ml-zima-2016-24184641950-o.webp,2200,1158,360654,25704
239,160,architektura,Architektura,architektura/ml-zima-2016_24184666490_o.jpg,/media/portfolio/images/architektura/160-ml-zima-2016-24184666490-o.webp,/media/portfolio/thumbs/architektura/160-ml-zima-2016-24184666490-o.webp,2200,1467,585202,55334
240,161,architektura,Architektura,architektura/ml-zima-2016_24397869911_o.jpg,/media/portfolio/images/architektura/161-ml-zima-2016-24397869911-o.webp,/media/portfolio/thumbs/architektura/161-ml-zima-2016-24397869911-o.webp,2200,1449,555848,50188
241,162,architektura,Architektura,architektura/ml-zima-2016_24454037896_o.jpg,/media/portfolio/images/architektura/162-ml-zima-2016-24454037896-o.webp,/media/portfolio/thumbs/architektura/162-ml-zima-2016-24454037896-o.webp,2200,1467,902968,70400
242,163,architektura,Architektura,architektura/ml-zima-2016_24454089246_o.jpg,/media/portfolio/images/architektura/163-ml-zima-2016-24454089246-o.webp,/media/portfolio/thumbs/architektura/163-ml-zima-2016-24454089246-o.webp,2200,1467,816776,52842
243,164,architektura,Architektura,architektura/ml-zima-2016_24480174625_o.jpg,/media/portfolio/images/architektura/164-ml-zima-2016-24480174625-o.webp,/media/portfolio/thumbs/architektura/164-ml-zima-2016-24480174625-o.webp,2200,997,494852,34182
244,165,architektura,Architektura,architektura/ml-zima-2016_24480195925_o.jpg,/media/portfolio/images/architektura/165-ml-zima-2016-24480195925-o.webp,/media/portfolio/thumbs/architektura/165-ml-zima-2016-24480195925-o.webp,2200,1264,358456,28364
245,166,architektura,Architektura,architektura/ml-zima-2016_24480208855_o.jpg,/media/portfolio/images/architektura/166-ml-zima-2016-24480208855-o.webp,/media/portfolio/thumbs/architektura/166-ml-zima-2016-24480208855-o.webp,2200,1162,582734,39574
246,167,architektura,Architektura,architektura/ml-zima-2016_24480233645_o.jpg,/media/portfolio/images/architektura/167-ml-zima-2016-24480233645-o.webp,/media/portfolio/thumbs/architektura/167-ml-zima-2016-24480233645-o.webp,2200,1467,834410,65992
247,168,architektura,Architektura,architektura/PRINT--6.jpg,/media/portfolio/images/architektura/168-print-6.webp,/media/portfolio/thumbs/architektura/168-print-6.webp,2200,1467,165354,20466
248,1,interiery-reality,Interiéry a reality,interiery-reality/IMG_5231-HDR.jpg,/media/portfolio/images/interiery-reality/001-img-5231-hdr.webp,/media/portfolio/thumbs/interiery-reality/001-img-5231-hdr.webp,2200,1467,1008720,66614
249,2,interiery-reality,Interiéry a reality,interiery-reality/IMG_5234-HDR.jpg,/media/portfolio/images/interiery-reality/002-img-5234-hdr.webp,/media/portfolio/thumbs/interiery-reality/002-img-5234-hdr.webp,2200,1393,532038,40526
250,3,interiery-reality,Interiéry a reality,interiery-reality/IMG_5270-HDR.jpg,/media/portfolio/images/interiery-reality/003-img-5270-hdr.webp,/media/portfolio/thumbs/interiery-reality/003-img-5270-hdr.webp,2200,1386,229206,15622
251,4,interiery-reality,Interiéry a reality,interiery-reality/IMG_5273-HDR-Edit.jpg,/media/portfolio/images/interiery-reality/004-img-5273-hdr-edit.webp,/media/portfolio/thumbs/interiery-reality/004-img-5273-hdr-edit.webp,2200,1467,271822,21724
252,5,interiery-reality,Interiéry a reality,interiery-reality/IMG_5294-HDR-Edit.jpg,/media/portfolio/images/interiery-reality/005-img-5294-hdr-edit.webp,/media/portfolio/thumbs/interiery-reality/005-img-5294-hdr-edit.webp,2200,1467,291374,22508
253,6,interiery-reality,Interiéry a reality,interiery-reality/IMG_5327.jpg,/media/portfolio/images/interiery-reality/006-img-5327.webp,/media/portfolio/thumbs/interiery-reality/006-img-5327.webp,2200,1467,98660,13198
254,7,interiery-reality,Interiéry a reality,interiery-reality/IMG_5360-HDR-Pano.jpg,/media/portfolio/images/interiery-reality/007-img-5360-hdr-pano.webp,/media/portfolio/thumbs/interiery-reality/007-img-5360-hdr-pano.webp,2200,1715,159778,17726
255,8,interiery-reality,Interiéry a reality,interiery-reality/IMG_5410-HDR-Edit.jpg,/media/portfolio/images/interiery-reality/008-img-5410-hdr-edit.webp,/media/portfolio/thumbs/interiery-reality/008-img-5410-hdr-edit.webp,2200,1467,97558,8976
256,9,interiery-reality,Interiéry a reality,interiery-reality/IMG_5425-HDR.jpg,/media/portfolio/images/interiery-reality/009-img-5425-hdr.webp,/media/portfolio/thumbs/interiery-reality/009-img-5425-hdr.webp,2200,1467,146340,10852
257,10,interiery-reality,Interiéry a reality,interiery-reality/IMG_5431-HDR-Edit.jpg,/media/portfolio/images/interiery-reality/010-img-5431-hdr-edit.webp,/media/portfolio/thumbs/interiery-reality/010-img-5431-hdr-edit.webp,1467,2200,138254,14490
258,11,interiery-reality,Interiéry a reality,interiery-reality/IMG_5437-HDR-Edit.jpg,/media/portfolio/images/interiery-reality/011-img-5437-hdr-edit.webp,/media/portfolio/thumbs/interiery-reality/011-img-5437-hdr-edit.webp,2200,1467,81952,8906
259,12,interiery-reality,Interiéry a reality,interiery-reality/IMG_5455-HDR.jpg,/media/portfolio/images/interiery-reality/012-img-5455-hdr.webp,/media/portfolio/thumbs/interiery-reality/012-img-5455-hdr.webp,2200,1467,453922,38956
260,13,interiery-reality,Interiéry a reality,interiery-reality/IMG_5470-HDR-Pano.jpg,/media/portfolio/images/interiery-reality/013-img-5470-hdr-pano.webp,/media/portfolio/thumbs/interiery-reality/013-img-5470-hdr-pano.webp,2200,1384,418320,33498
261,14,interiery-reality,Interiéry a reality,interiery-reality/IMG_5491-HDR-Edit.jpg,/media/portfolio/images/interiery-reality/014-img-5491-hdr-edit.webp,/media/portfolio/thumbs/interiery-reality/014-img-5491-hdr-edit.webp,2200,1467,278976,21880
262,15,interiery-reality,Interiéry a reality,interiery-reality/IMG_5504-HDR-Edit.jpg,/media/portfolio/images/interiery-reality/015-img-5504-hdr-edit.webp,/media/portfolio/thumbs/interiery-reality/015-img-5504-hdr-edit.webp,2200,1467,194130,16066
263,16,interiery-reality,Interiéry a reality,interiery-reality/IMG_5528-HDR-Edit.jpg,/media/portfolio/images/interiery-reality/016-img-5528-hdr-edit.webp,/media/portfolio/thumbs/interiery-reality/016-img-5528-hdr-edit.webp,2200,1467,133368,11236
264,17,interiery-reality,Interiéry a reality,interiery-reality/IMG_5543-HDR.jpg,/media/portfolio/images/interiery-reality/017-img-5543-hdr.webp,/media/portfolio/thumbs/interiery-reality/017-img-5543-hdr.webp,1467,2200,167252,13828
265,18,interiery-reality,Interiéry a reality,interiery-reality/IMG_5582-HDR-Pano.jpg,/media/portfolio/images/interiery-reality/018-img-5582-hdr-pano.webp,/media/portfolio/thumbs/interiery-reality/018-img-5582-hdr-pano.webp,1980,2200,290182,19574
266,19,interiery-reality,Interiéry a reality,interiery-reality/IMG_7980-HDR-Edit.jpg,/media/portfolio/images/interiery-reality/019-img-7980-hdr-edit.webp,/media/portfolio/thumbs/interiery-reality/019-img-7980-hdr-edit.webp,2000,1225,307512,31908
267,20,interiery-reality,Interiéry a reality,interiery-reality/IMG_7980-HDR.jpg,/media/portfolio/images/interiery-reality/020-img-7980-hdr.webp,/media/portfolio/thumbs/interiery-reality/020-img-7980-hdr.webp,2000,1225,311284,32456
268,21,interiery-reality,Interiéry a reality,interiery-reality/IMG_7983-HDR-Edit.jpg,/media/portfolio/images/interiery-reality/021-img-7983-hdr-edit.webp,/media/portfolio/thumbs/interiery-reality/021-img-7983-hdr-edit.webp,2200,1467,157222,14258
269,22,interiery-reality,Interiéry a reality,interiery-reality/IMG_7989-HDR.jpg,/media/portfolio/images/interiery-reality/022-img-7989-hdr.webp,/media/portfolio/thumbs/interiery-reality/022-img-7989-hdr.webp,2200,1467,116842,9702
270,23,interiery-reality,Interiéry a reality,interiery-reality/IMG_7991-HDR.jpg,/media/portfolio/images/interiery-reality/023-img-7991-hdr.webp,/media/portfolio/thumbs/interiery-reality/023-img-7991-hdr.webp,2200,1467,144782,12038
271,24,interiery-reality,Interiéry a reality,interiery-reality/IMG_7998-HDR-Edit.jpg,/media/portfolio/images/interiery-reality/024-img-7998-hdr-edit.webp,/media/portfolio/thumbs/interiery-reality/024-img-7998-hdr-edit.webp,2200,1467,140158,14348
272,25,interiery-reality,Interiéry a reality,interiery-reality/IMG_8096-HDR.jpg,/media/portfolio/images/interiery-reality/025-img-8096-hdr.webp,/media/portfolio/thumbs/interiery-reality/025-img-8096-hdr.webp,2200,1467,198496,17032
273,26,interiery-reality,Interiéry a reality,interiery-reality/IMG_8167-HDR.jpg,/media/portfolio/images/interiery-reality/026-img-8167-hdr.webp,/media/portfolio/thumbs/interiery-reality/026-img-8167-hdr.webp,2200,1467,107326,11548
274,27,interiery-reality,Interiéry a reality,interiery-reality/IMG_8214.jpg,/media/portfolio/images/interiery-reality/027-img-8214.webp,/media/portfolio/thumbs/interiery-reality/027-img-8214.webp,2200,1467,336936,5304
275,28,interiery-reality,Interiéry a reality,interiery-reality/IMG_8237.jpg,/media/portfolio/images/interiery-reality/028-img-8237.webp,/media/portfolio/thumbs/interiery-reality/028-img-8237.webp,2000,1333,482876,42288
276,29,interiery-reality,Interiéry a reality,interiery-reality/IMG_9674-HDR.jpg,/media/portfolio/images/interiery-reality/029-img-9674-hdr.webp,/media/portfolio/thumbs/interiery-reality/029-img-9674-hdr.webp,2200,1467,146618,18042
277,30,interiery-reality,Interiéry a reality,interiery-reality/IMG_9698-HDR.jpg,/media/portfolio/images/interiery-reality/030-img-9698-hdr.webp,/media/portfolio/thumbs/interiery-reality/030-img-9698-hdr.webp,2200,1763,133460,18482
278,31,interiery-reality,Interiéry a reality,interiery-reality/IMG_9737-HDR.jpg,/media/portfolio/images/interiery-reality/031-img-9737-hdr.webp,/media/portfolio/thumbs/interiery-reality/031-img-9737-hdr.webp,2200,1467,208222,25112
279,1,krajina-priroda,Krajina a příroda,krajina-priroda/IMG_0894.jpg,/media/portfolio/images/krajina-priroda/001-img-0894.webp,/media/portfolio/thumbs/krajina-priroda/001-img-0894.webp,2000,1333,525832,39866
280,2,krajina-priroda,Krajina a příroda,krajina-priroda/IMG_0900.jpg,/media/portfolio/images/krajina-priroda/002-img-0900.webp,/media/portfolio/thumbs/krajina-priroda/002-img-0900.webp,2000,1333,729102,71056
281,3,krajina-priroda,Krajina a příroda,krajina-priroda/IMG_0917.jpg,/media/portfolio/images/krajina-priroda/003-img-0917.webp,/media/portfolio/thumbs/krajina-priroda/003-img-0917.webp,2000,1333,682686,77958
282,4,krajina-priroda,Krajina a příroda,krajina-priroda/IMG_1831.jpg,/media/portfolio/images/krajina-priroda/004-img-1831.webp,/media/portfolio/thumbs/krajina-priroda/004-img-1831.webp,2000,1333,1204286,97858
283,5,krajina-priroda,Krajina a příroda,krajina-priroda/IMG_2042.jpg,/media/portfolio/images/krajina-priroda/005-img-2042.webp,/media/portfolio/thumbs/krajina-priroda/005-img-2042.webp,2200,1467,66600,10814
284,6,krajina-priroda,Krajina a příroda,krajina-priroda/IMG_2045.jpg,/media/portfolio/images/krajina-priroda/006-img-2045.webp,/media/portfolio/thumbs/krajina-priroda/006-img-2045.webp,2200,1467,189282,17182
285,7,krajina-priroda,Krajina a příroda,krajina-priroda/IMG_2093.jpg,/media/portfolio/images/krajina-priroda/007-img-2093.webp,/media/portfolio/thumbs/krajina-priroda/007-img-2093.webp,2200,1467,649976,54380
286,8,krajina-priroda,Krajina a příroda,krajina-priroda/IMG_2097.jpg,/media/portfolio/images/krajina-priroda/008-img-2097.webp,/media/portfolio/thumbs/krajina-priroda/008-img-2097.webp,2200,1467,141932,15670
287,9,krajina-priroda,Krajina a příroda,krajina-priroda/IMG_2102.jpg,/media/portfolio/images/krajina-priroda/009-img-2102.webp,/media/portfolio/thumbs/krajina-priroda/009-img-2102.webp,2200,1467,506220,43206
288,10,krajina-priroda,Krajina a příroda,krajina-priroda/IMG_2108.jpg,/media/portfolio/images/krajina-priroda/010-img-2108.webp,/media/portfolio/thumbs/krajina-priroda/010-img-2108.webp,2200,1467,201158,17140
289,11,krajina-priroda,Krajina a příroda,krajina-priroda/IMG_2200-Pano.jpg,/media/portfolio/images/krajina-priroda/011-img-2200-pano.webp,/media/portfolio/thumbs/krajina-priroda/011-img-2200-pano.webp,2200,1107,627410,42732
290,12,krajina-priroda,Krajina a příroda,krajina-priroda/IMG_2207.jpg,/media/portfolio/images/krajina-priroda/012-img-2207.webp,/media/portfolio/thumbs/krajina-priroda/012-img-2207.webp,2200,1466,379102,48424
291,13,krajina-priroda,Krajina a příroda,krajina-priroda/IMG_2413.jpg,/media/portfolio/images/krajina-priroda/013-img-2413.webp,/media/portfolio/thumbs/krajina-priroda/013-img-2413.webp,2200,1466,409280,40850
292,14,krajina-priroda,Krajina a příroda,krajina-priroda/IMG_2655.jpg,/media/portfolio/images/krajina-priroda/014-img-2655.webp,/media/portfolio/thumbs/krajina-priroda/014-img-2655.webp,2200,1467,669826,46090
293,15,krajina-priroda,Krajina a příroda,krajina-priroda/IMG_2662.jpg,/media/portfolio/images/krajina-priroda/015-img-2662.webp,/media/portfolio/thumbs/krajina-priroda/015-img-2662.webp,2200,1467,697644,44228
294,16,krajina-priroda,Krajina a příroda,krajina-priroda/IMG_2668-Pano.jpg,/media/portfolio/images/krajina-priroda/016-img-2668-pano.webp,/media/portfolio/thumbs/krajina-priroda/016-img-2668-pano.webp,2200,816,555980,36242
295,17,krajina-priroda,Krajina a příroda,krajina-priroda/IMG_2685.jpg,/media/portfolio/images/krajina-priroda/017-img-2685.webp,/media/portfolio/thumbs/krajina-priroda/017-img-2685.webp,2200,1467,562302,42460
296,18,krajina-priroda,Krajina a příroda,krajina-priroda/IMG_2686.jpg,/media/portfolio/images/krajina-priroda/018-img-2686.webp,/media/portfolio/thumbs/krajina-priroda/018-img-2686.webp,2200,1467,902320,77682
297,19,krajina-priroda,Krajina a příroda,krajina-priroda/IMG_2687.jpg,/media/portfolio/images/krajina-priroda/019-img-2687.webp,/media/portfolio/thumbs/krajina-priroda/019-img-2687.webp,1467,2200,820436,62576
298,20,krajina-priroda,Krajina a příroda,krajina-priroda/IMG_2699.jpg,/media/portfolio/images/krajina-priroda/020-img-2699.webp,/media/portfolio/thumbs/krajina-priroda/020-img-2699.webp,2200,1467,890830,68006
299,21,krajina-priroda,Krajina a příroda,krajina-priroda/IMG_2718.jpg,/media/portfolio/images/krajina-priroda/021-img-2718.webp,/media/portfolio/thumbs/krajina-priroda/021-img-2718.webp,2200,1467,400904,38042
300,22,krajina-priroda,Krajina a příroda,krajina-priroda/IMG_2724.jpg,/media/portfolio/images/krajina-priroda/022-img-2724.webp,/media/portfolio/thumbs/krajina-priroda/022-img-2724.webp,2200,1467,679654,68390
301,23,krajina-priroda,Krajina a příroda,krajina-priroda/IMG_2730.jpg,/media/portfolio/images/krajina-priroda/023-img-2730.webp,/media/portfolio/thumbs/krajina-priroda/023-img-2730.webp,2200,1510,680864,63330
302,24,krajina-priroda,Krajina a příroda,krajina-priroda/IMG_2735-Pano.jpg,/media/portfolio/images/krajina-priroda/024-img-2735-pano.webp,/media/portfolio/thumbs/krajina-priroda/024-img-2735-pano.webp,2200,1928,998430,87926
303,25,krajina-priroda,Krajina a příroda,krajina-priroda/IMG_2737-Pano.jpg,/media/portfolio/images/krajina-priroda/025-img-2737-pano.webp,/media/portfolio/thumbs/krajina-priroda/025-img-2737-pano.webp,1798,2200,352144,35742
304,26,krajina-priroda,Krajina a příroda,krajina-priroda/IMG_2740.jpg,/media/portfolio/images/krajina-priroda/026-img-2740.webp,/media/portfolio/thumbs/krajina-priroda/026-img-2740.webp,2200,1467,718702,72708
305,27,krajina-priroda,Krajina a příroda,krajina-priroda/IMG_2743.jpg,/media/portfolio/images/krajina-priroda/027-img-2743.webp,/media/portfolio/thumbs/krajina-priroda/027-img-2743.webp,2200,1467,566090,55032
306,28,krajina-priroda,Krajina a příroda,krajina-priroda/IMG_2747.jpg,/media/portfolio/images/krajina-priroda/028-img-2747.webp,/media/portfolio/thumbs/krajina-priroda/028-img-2747.webp,2200,1467,593000,59728
307,29,krajina-priroda,Krajina a příroda,krajina-priroda/IMG_2753.jpg,/media/portfolio/images/krajina-priroda/029-img-2753.webp,/media/portfolio/thumbs/krajina-priroda/029-img-2753.webp,1402,2200,727244,65390
308,30,krajina-priroda,Krajina a příroda,krajina-priroda/IMG_2757.jpg,/media/portfolio/images/krajina-priroda/030-img-2757.webp,/media/portfolio/thumbs/krajina-priroda/030-img-2757.webp,2200,1467,135380,22806
309,31,krajina-priroda,Krajina a příroda,krajina-priroda/IMG_2771.jpg,/media/portfolio/images/krajina-priroda/031-img-2771.webp,/media/portfolio/thumbs/krajina-priroda/031-img-2771.webp,2200,1467,725416,59752
310,32,krajina-priroda,Krajina a příroda,krajina-priroda/IMG_2780.jpg,/media/portfolio/images/krajina-priroda/032-img-2780.webp,/media/portfolio/thumbs/krajina-priroda/032-img-2780.webp,2200,1345,262224,26462
311,33,krajina-priroda,Krajina a příroda,krajina-priroda/IMG_2787.jpg,/media/portfolio/images/krajina-priroda/033-img-2787.webp,/media/portfolio/thumbs/krajina-priroda/033-img-2787.webp,2200,1467,279698,16656
312,34,krajina-priroda,Krajina a příroda,krajina-priroda/IMG_2789.jpg,/media/portfolio/images/krajina-priroda/034-img-2789.webp,/media/portfolio/thumbs/krajina-priroda/034-img-2789.webp,2200,1467,418386,43168
313,35,krajina-priroda,Krajina a příroda,krajina-priroda/IMG_2792.jpg,/media/portfolio/images/krajina-priroda/035-img-2792.webp,/media/portfolio/thumbs/krajina-priroda/035-img-2792.webp,2200,1467,216498,27792
314,36,krajina-priroda,Krajina a příroda,krajina-priroda/IMG_2797.jpg,/media/portfolio/images/krajina-priroda/036-img-2797.webp,/media/portfolio/thumbs/krajina-priroda/036-img-2797.webp,2200,1467,166060,14098
315,37,krajina-priroda,Krajina a příroda,krajina-priroda/IMG_2800.jpg,/media/portfolio/images/krajina-priroda/037-img-2800.webp,/media/portfolio/thumbs/krajina-priroda/037-img-2800.webp,2200,1467,640438,51624
316,38,krajina-priroda,Krajina a příroda,krajina-priroda/IMG_2802.jpg,/media/portfolio/images/krajina-priroda/038-img-2802.webp,/media/portfolio/thumbs/krajina-priroda/038-img-2802.webp,2200,1467,471296,46490
317,39,krajina-priroda,Krajina a příroda,krajina-priroda/IMG_2805.jpg,/media/portfolio/images/krajina-priroda/039-img-2805.webp,/media/portfolio/thumbs/krajina-priroda/039-img-2805.webp,2200,1467,625732,49824
318,40,krajina-priroda,Krajina a příroda,krajina-priroda/IMG_2814.jpg,/media/portfolio/images/krajina-priroda/040-img-2814.webp,/media/portfolio/thumbs/krajina-priroda/040-img-2814.webp,2200,1467,178364,32434
319,41,krajina-priroda,Krajina a příroda,krajina-priroda/IMG_3370.jpg,/media/portfolio/images/krajina-priroda/041-img-3370.webp,/media/portfolio/thumbs/krajina-priroda/041-img-3370.webp,2200,1467,150352,19624
320,42,krajina-priroda,Krajina a příroda,krajina-priroda/IMG_3381.jpg,/media/portfolio/images/krajina-priroda/042-img-3381.webp,/media/portfolio/thumbs/krajina-priroda/042-img-3381.webp,2200,1467,86346,12746
321,43,krajina-priroda,Krajina a příroda,krajina-priroda/IMG_6210.jpg,/media/portfolio/images/krajina-priroda/043-img-6210.webp,/media/portfolio/thumbs/krajina-priroda/043-img-6210.webp,2200,1466,738056,76504
322,44,krajina-priroda,Krajina a příroda,krajina-priroda/IMG_6821.jpg,/media/portfolio/images/krajina-priroda/044-img-6821.webp,/media/portfolio/thumbs/krajina-priroda/044-img-6821.webp,2000,1333,727940,72168
323,45,krajina-priroda,Krajina a příroda,krajina-priroda/IMG_6825.jpg,/media/portfolio/images/krajina-priroda/045-img-6825.webp,/media/portfolio/thumbs/krajina-priroda/045-img-6825.webp,2000,1333,668102,65186
324,46,krajina-priroda,Krajina a příroda,krajina-priroda/IMG_6827.jpg,/media/portfolio/images/krajina-priroda/046-img-6827.webp,/media/portfolio/thumbs/krajina-priroda/046-img-6827.webp,2000,1333,874670,79432
325,47,krajina-priroda,Krajina a příroda,krajina-priroda/IMG_6830.jpg,/media/portfolio/images/krajina-priroda/047-img-6830.webp,/media/portfolio/thumbs/krajina-priroda/047-img-6830.webp,2000,1333,1084544,88794
326,48,krajina-priroda,Krajina a příroda,krajina-priroda/IMG_7892.jpg,/media/portfolio/images/krajina-priroda/048-img-7892.webp,/media/portfolio/thumbs/krajina-priroda/048-img-7892.webp,2200,1466,171962,21318
327,49,krajina-priroda,Krajina a příroda,krajina-priroda/IMG_7893.jpg,/media/portfolio/images/krajina-priroda/049-img-7893.webp,/media/portfolio/thumbs/krajina-priroda/049-img-7893.webp,2200,1467,375762,42348
328,50,krajina-priroda,Krajina a příroda,krajina-priroda/IMG_7895.jpg,/media/portfolio/images/krajina-priroda/050-img-7895.webp,/media/portfolio/thumbs/krajina-priroda/050-img-7895.webp,2200,1268,393200,31636
329,51,krajina-priroda,Krajina a příroda,krajina-priroda/IMG_8620.jpg,/media/portfolio/images/krajina-priroda/051-img-8620.webp,/media/portfolio/thumbs/krajina-priroda/051-img-8620.webp,2200,1229,494852,38242
330,52,krajina-priroda,Krajina a příroda,krajina-priroda/IMG_8629.jpg,/media/portfolio/images/krajina-priroda/052-img-8629.webp,/media/portfolio/thumbs/krajina-priroda/052-img-8629.webp,2200,1467,498104,38776
331,53,krajina-priroda,Krajina a příroda,krajina-priroda/IMG_8642.jpg,/media/portfolio/images/krajina-priroda/053-img-8642.webp,/media/portfolio/thumbs/krajina-priroda/053-img-8642.webp,2200,1467,472438,47188
332,54,krajina-priroda,Krajina a příroda,krajina-priroda/IMG_8654.jpg,/media/portfolio/images/krajina-priroda/054-img-8654.webp,/media/portfolio/thumbs/krajina-priroda/054-img-8654.webp,2200,1467,599138,39376
333,55,krajina-priroda,Krajina a příroda,krajina-priroda/IMG_8657.jpg,/media/portfolio/images/krajina-priroda/055-img-8657.webp,/media/portfolio/thumbs/krajina-priroda/055-img-8657.webp,2200,1467,486802,35426
334,56,krajina-priroda,Krajina a příroda,krajina-priroda/IMG_8658.jpg,/media/portfolio/images/krajina-priroda/056-img-8658.webp,/media/portfolio/thumbs/krajina-priroda/056-img-8658.webp,2200,1467,667170,50246
335,57,krajina-priroda,Krajina a příroda,krajina-priroda/IMG_8701.jpg,/media/portfolio/images/krajina-priroda/057-img-8701.webp,/media/portfolio/thumbs/krajina-priroda/057-img-8701.webp,2000,1333,770292,71836
336,58,krajina-priroda,Krajina a příroda,krajina-priroda/IMG_9145.jpg,/media/portfolio/images/krajina-priroda/058-img-9145.webp,/media/portfolio/thumbs/krajina-priroda/058-img-9145.webp,2000,1333,929990,89826
337,59,krajina-priroda,Krajina a příroda,krajina-priroda/IMG_9146.jpg,/media/portfolio/images/krajina-priroda/059-img-9146.webp,/media/portfolio/thumbs/krajina-priroda/059-img-9146.webp,2000,1333,861932,72686
338,60,krajina-priroda,Krajina a příroda,krajina-priroda/ml-zima-2016_23852069684_o.jpg,/media/portfolio/images/krajina-priroda/060-ml-zima-2016-23852069684-o.webp,/media/portfolio/thumbs/krajina-priroda/060-ml-zima-2016-23852069684-o.webp,2200,1467,1041618,77026
339,61,krajina-priroda,Krajina a příroda,krajina-priroda/ml-zima-2016_24112508279_o.jpg,/media/portfolio/images/krajina-priroda/061-ml-zima-2016-24112508279-o.webp,/media/portfolio/thumbs/krajina-priroda/061-ml-zima-2016-24112508279-o.webp,2200,1467,860616,61792
340,62,krajina-priroda,Krajina a příroda,krajina-priroda/ml-zima-2016_24112512439_o.jpg,/media/portfolio/images/krajina-priroda/062-ml-zima-2016-24112512439-o.webp,/media/portfolio/thumbs/krajina-priroda/062-ml-zima-2016-24112512439-o.webp,2200,1026,530886,40864
341,63,krajina-priroda,Krajina a příroda,krajina-priroda/ml-zima-2016_24454014256_o.jpg,/media/portfolio/images/krajina-priroda/063-ml-zima-2016-24454014256-o.webp,/media/portfolio/thumbs/krajina-priroda/063-ml-zima-2016-24454014256-o.webp,2200,1467,451720,35184
342,64,krajina-priroda,Krajina a příroda,krajina-priroda/ml-zima-2016_24480229175_o.jpg,/media/portfolio/images/krajina-priroda/064-ml-zima-2016-24480229175-o.webp,/media/portfolio/thumbs/krajina-priroda/064-ml-zima-2016-24480229175-o.webp,2200,1238,656504,34836
343,65,krajina-priroda,Krajina a příroda,krajina-priroda/ml-zima-2016_24480258575_o.jpg,/media/portfolio/images/krajina-priroda/065-ml-zima-2016-24480258575-o.webp,/media/portfolio/thumbs/krajina-priroda/065-ml-zima-2016-24480258575-o.webp,2200,1467,682948,54566
344,66,krajina-priroda,Krajina a příroda,krajina-priroda/Podzim 2016 (5).jpg,/media/portfolio/images/krajina-priroda/066-podzim-2016-5.webp,/media/portfolio/thumbs/krajina-priroda/066-podzim-2016-5.webp,2200,1467,416328,50846
345,1,reportaz,Reportáž a dokument,reportaz/IMG_0171.jpg,/media/portfolio/images/reportaz/001-img-0171.webp,/media/portfolio/thumbs/reportaz/001-img-0171.webp,2200,1472,163790,24544
346,2,reportaz,Reportáž a dokument,reportaz/IMG_0250.jpg,/media/portfolio/images/reportaz/002-img-0250.webp,/media/portfolio/thumbs/reportaz/002-img-0250.webp,2000,1360,715950,71478
347,3,reportaz,Reportáž a dokument,reportaz/IMG_4068.jpg,/media/portfolio/images/reportaz/003-img-4068.webp,/media/portfolio/thumbs/reportaz/003-img-4068.webp,2200,1467,245778,25190
348,4,reportaz,Reportáž a dokument,reportaz/IMG_4069.jpg,/media/portfolio/images/reportaz/004-img-4069.webp,/media/portfolio/thumbs/reportaz/004-img-4069.webp,2200,1632,320464,46702
349,5,reportaz,Reportáž a dokument,reportaz/IMG_4762.jpg,/media/portfolio/images/reportaz/005-img-4762.webp,/media/portfolio/thumbs/reportaz/005-img-4762.webp,2200,1467,160530,25588
350,6,reportaz,Reportáž a dokument,reportaz/IMG_8434.jpg,/media/portfolio/images/reportaz/006-img-8434.webp,/media/portfolio/thumbs/reportaz/006-img-8434.webp,1467,2200,249934,20676
351,7,reportaz,Reportáž a dokument,reportaz/IMG_8564.jpg,/media/portfolio/images/reportaz/007-img-8564.webp,/media/portfolio/thumbs/reportaz/007-img-8564.webp,2200,1467,710046,51766
352,8,reportaz,Reportáž a dokument,reportaz/IMG_9354.jpg,/media/portfolio/images/reportaz/008-img-9354.webp,/media/portfolio/thumbs/reportaz/008-img-9354.webp,2200,1467,421652,44774
353,9,reportaz,Reportáž a dokument,reportaz/received_10155233219201414.jpeg,/media/portfolio/images/reportaz/009-received-10155233219201414.webp,/media/portfolio/thumbs/reportaz/009-received-10155233219201414.webp,1200,800,100508,30364
354,10,reportaz,Reportáž a dokument,reportaz/VeronikaKejrova-0040.jpg,/media/portfolio/images/reportaz/010-veronikakejrova-0040.webp,/media/portfolio/thumbs/reportaz/010-veronikakejrova-0040.webp,2200,1467,536472,56994
355,11,reportaz,Reportáž a dokument,reportaz/VeronikaKejrova-0066.jpg,/media/portfolio/images/reportaz/011-veronikakejrova-0066.webp,/media/portfolio/thumbs/reportaz/011-veronikakejrova-0066.webp,2200,1467,157376,23200
356,12,reportaz,Reportáž a dokument,reportaz/VeronikaKejrova-0070.jpg,/media/portfolio/images/reportaz/012-veronikakejrova-0070.webp,/media/portfolio/thumbs/reportaz/012-veronikakejrova-0070.webp,2200,1467,475518,35652
357,13,reportaz,Reportáž a dokument,reportaz/VeronikaKejrova-0124.jpg,/media/portfolio/images/reportaz/013-veronikakejrova-0124.webp,/media/portfolio/thumbs/reportaz/013-veronikakejrova-0124.webp,2200,1467,107070,16648
358,14,reportaz,Reportáž a dokument,reportaz/VeronikaKejrova-0202.jpg,/media/portfolio/images/reportaz/014-veronikakejrova-0202.webp,/media/portfolio/thumbs/reportaz/014-veronikakejrova-0202.webp,2200,1467,344718,40020
359,15,reportaz,Reportáž a dokument,reportaz/VeronikaKejrova-0271.jpg,/media/portfolio/images/reportaz/015-veronikakejrova-0271.webp,/media/portfolio/thumbs/reportaz/015-veronikakejrova-0271.webp,2200,1467,203066,26576
360,16,reportaz,Reportáž a dokument,reportaz/VeronikaKejrova-0315.jpg,/media/portfolio/images/reportaz/016-veronikakejrova-0315.webp,/media/portfolio/thumbs/reportaz/016-veronikakejrova-0315.webp,2200,1467,323306,33578
361,17,reportaz,Reportáž a dokument,reportaz/VeronikaKejrova-8793.jpg,/media/portfolio/images/reportaz/017-veronikakejrova-8793.webp,/media/portfolio/thumbs/reportaz/017-veronikakejrova-8793.webp,2200,1467,164050,23954
362,1,detail-zatisi,Detail a zátiší,detail-zatisi/IMG_0628.jpg,/media/portfolio/images/detail-zatisi/001-img-0628.webp,/media/portfolio/thumbs/detail-zatisi/001-img-0628.webp,1467,2200,632152,21528
363,2,detail-zatisi,Detail a zátiší,detail-zatisi/IMG_0639.jpg,/media/portfolio/images/detail-zatisi/002-img-0639.webp,/media/portfolio/thumbs/detail-zatisi/002-img-0639.webp,1760,2200,1020540,46286
364,3,detail-zatisi,Detail a zátiší,detail-zatisi/IMG_0947.jpg,/media/portfolio/images/detail-zatisi/003-img-0947.webp,/media/portfolio/thumbs/detail-zatisi/003-img-0947.webp,2200,1467,590238,28148
365,4,detail-zatisi,Detail a zátiší,detail-zatisi/IMG_0951.jpg,/media/portfolio/images/detail-zatisi/004-img-0951.webp,/media/portfolio/thumbs/detail-zatisi/004-img-0951.webp,2200,1329,478882,14080
366,5,detail-zatisi,Detail a zátiší,detail-zatisi/IMG_1033.jpg,/media/portfolio/images/detail-zatisi/005-img-1033.webp,/media/portfolio/thumbs/detail-zatisi/005-img-1033.webp,2000,1333,334072,44534
367,6,detail-zatisi,Detail a zátiší,detail-zatisi/IMG_2016.jpg,/media/portfolio/images/detail-zatisi/006-img-2016.webp,/media/portfolio/thumbs/detail-zatisi/006-img-2016.webp,2200,1467,219262,36554
368,7,detail-zatisi,Detail a zátiší,detail-zatisi/IMG_2071.jpg,/media/portfolio/images/detail-zatisi/007-img-2071.webp,/media/portfolio/thumbs/detail-zatisi/007-img-2071.webp,2200,1467,416672,37982
369,8,detail-zatisi,Detail a zátiší,detail-zatisi/IMG_2072.jpg,/media/portfolio/images/detail-zatisi/008-img-2072.webp,/media/portfolio/thumbs/detail-zatisi/008-img-2072.webp,1467,2200,575070,45340
370,9,detail-zatisi,Detail a zátiší,detail-zatisi/IMG_2806.jpg,/media/portfolio/images/detail-zatisi/009-img-2806.webp,/media/portfolio/thumbs/detail-zatisi/009-img-2806.webp,2200,407,184344,18586
371,10,detail-zatisi,Detail a zátiší,detail-zatisi/IMG_3436.jpg,/media/portfolio/images/detail-zatisi/010-img-3436.webp,/media/portfolio/thumbs/detail-zatisi/010-img-3436.webp,2200,1467,92472,13606
372,11,detail-zatisi,Detail a zátiší,detail-zatisi/IMG_3468.jpg,/media/portfolio/images/detail-zatisi/011-img-3468.webp,/media/portfolio/thumbs/detail-zatisi/011-img-3468.webp,2200,1467,563496,33496
373,12,detail-zatisi,Detail a zátiší,detail-zatisi/IMG_3474.jpg,/media/portfolio/images/detail-zatisi/012-img-3474.webp,/media/portfolio/thumbs/detail-zatisi/012-img-3474.webp,2200,1467,171262,21402
374,13,detail-zatisi,Detail a zátiší,detail-zatisi/IMG_3477.jpg,/media/portfolio/images/detail-zatisi/013-img-3477.webp,/media/portfolio/thumbs/detail-zatisi/013-img-3477.webp,2200,1467,594880,45526
375,14,detail-zatisi,Detail a zátiší,detail-zatisi/IMG_3496.jpg,/media/portfolio/images/detail-zatisi/014-img-3496.webp,/media/portfolio/thumbs/detail-zatisi/014-img-3496.webp,2200,1467,250654,27952
376,15,detail-zatisi,Detail a zátiší,detail-zatisi/IMG_4021.jpg,/media/portfolio/images/detail-zatisi/015-img-4021.webp,/media/portfolio/thumbs/detail-zatisi/015-img-4021.webp,1467,2200,700472,50666
377,16,detail-zatisi,Detail a zátiší,detail-zatisi/IMG_4022.jpg,/media/portfolio/images/detail-zatisi/016-img-4022.webp,/media/portfolio/thumbs/detail-zatisi/016-img-4022.webp,2200,1467,393700,25254
378,17,detail-zatisi,Detail a zátiší,detail-zatisi/IMG_5264.jpg,/media/portfolio/images/detail-zatisi/017-img-5264.webp,/media/portfolio/thumbs/detail-zatisi/017-img-5264.webp,1208,2000,770484,75258
379,18,detail-zatisi,Detail a zátiší,detail-zatisi/IMG_5268.jpg,/media/portfolio/images/detail-zatisi/018-img-5268.webp,/media/portfolio/thumbs/detail-zatisi/018-img-5268.webp,1333,2000,459350,59060
380,19,detail-zatisi,Detail a zátiší,detail-zatisi/IMG_5443.jpg,/media/portfolio/images/detail-zatisi/019-img-5443.webp,/media/portfolio/thumbs/detail-zatisi/019-img-5443.webp,1467,2200,125416,16764
381,20,detail-zatisi,Detail a zátiší,detail-zatisi/IMG_5447.jpg,/media/portfolio/images/detail-zatisi/020-img-5447.webp,/media/portfolio/thumbs/detail-zatisi/020-img-5447.webp,2200,1467,547850,40418
382,21,detail-zatisi,Detail a zátiší,detail-zatisi/IMG_5890.jpg,/media/portfolio/images/detail-zatisi/021-img-5890.webp,/media/portfolio/thumbs/detail-zatisi/021-img-5890.webp,2000,1333,447678,55954
383,22,detail-zatisi,Detail a zátiší,detail-zatisi/IMG_6426.jpg,/media/portfolio/images/detail-zatisi/022-img-6426.webp,/media/portfolio/thumbs/detail-zatisi/022-img-6426.webp,2000,1333,463718,62634
384,23,detail-zatisi,Detail a zátiší,detail-zatisi/IMG_6428.jpg,/media/portfolio/images/detail-zatisi/023-img-6428.webp,/media/portfolio/thumbs/detail-zatisi/023-img-6428.webp,1333,2000,742740,75236
385,24,detail-zatisi,Detail a zátiší,detail-zatisi/IMG_8412.jpg,/media/portfolio/images/detail-zatisi/024-img-8412.webp,/media/portfolio/thumbs/detail-zatisi/024-img-8412.webp,2000,1333,418430,42376
386,25,detail-zatisi,Detail a zátiší,detail-zatisi/IMG_8721.jpg,/media/portfolio/images/detail-zatisi/025-img-8721.webp,/media/portfolio/thumbs/detail-zatisi/025-img-8721.webp,1333,2000,822274,65334
387,26,detail-zatisi,Detail a zátiší,detail-zatisi/IMG_8726.jpg,/media/portfolio/images/detail-zatisi/026-img-8726.webp,/media/portfolio/thumbs/detail-zatisi/026-img-8726.webp,2000,1333,457148,58346
388,27,detail-zatisi,Detail a zátiší,detail-zatisi/IMG_9106.jpg,/media/portfolio/images/detail-zatisi/027-img-9106.webp,/media/portfolio/thumbs/detail-zatisi/027-img-9106.webp,2000,1591,888256,101970
389,28,detail-zatisi,Detail a zátiší,detail-zatisi/IMG_9107.jpg,/media/portfolio/images/detail-zatisi/028-img-9107.webp,/media/portfolio/thumbs/detail-zatisi/028-img-9107.webp,2000,1389,588904,70522
390,29,detail-zatisi,Detail a zátiší,detail-zatisi/IMG_9196.jpg,/media/portfolio/images/detail-zatisi/029-img-9196.webp,/media/portfolio/thumbs/detail-zatisi/029-img-9196.webp,2000,1333,96720,13452
391,30,detail-zatisi,Detail a zátiší,detail-zatisi/IMG_9265.jpg,/media/portfolio/images/detail-zatisi/030-img-9265.webp,/media/portfolio/thumbs/detail-zatisi/030-img-9265.webp,2200,1467,77694,10612
392,31,detail-zatisi,Detail a zátiší,detail-zatisi/PRINT--5 – kopie.jpg,/media/portfolio/images/detail-zatisi/031-print-5-kopie.webp,/media/portfolio/thumbs/detail-zatisi/031-print-5-kopie.webp,2200,1467,142632,16948
393,32,detail-zatisi,Detail a zátiší,detail-zatisi/PRINT-3989.jpg,/media/portfolio/images/detail-zatisi/032-print-3989.webp,/media/portfolio/thumbs/detail-zatisi/032-print-3989.webp,2200,1448,341782,19948
